id,label
0,10
1,14
2,10
3,6
4,14
5,17
6,10
7,18
8,15
9,11
10,17
11,5
12,9
13,3
14,19
15,1
16,3
17,13
18,10
19,13
20,0
21,16
22,11
23,2
24,11
25,15
26,7
27,4
28,6
29,2
30,15
31,4
32,8
33,9
34,16
35,14
36,17
37,17
38,7
39,18
40,19
41,6
42,3
43,17
44,11
45,5
46,3
47,5
48,8
49,13
50,5
51,7
52,14
53,5
54,15
55,0
56,2
57,6
58,18
59,12
60,11
61,4
62,0
63,12
64,6
65,9
66,14
67,17
68,16
69,0
70,10
71,7
72,1
73,8
74,17
75,2
76,3
77,7
78,0
79,18
80,5
81,17
82,15
83,9
84,12
85,14
86,5
87,2
88,10
89,0
90,3
91,15
92,14
93,18
94,8
95,12
96,15
97,18
98,17
99,10
100,9
101,3
102,18
103,4
104,6
105,13
106,2
107,8
108,11
109,0
110,1
111,19
112,5
113,6
114,8
115,2
116,12
117,16
118,5
119,6
120,3
121,13
122,4
123,0
124,17
125,9
126,4
127,0
128,6
129,12
130,3
131,1
132,1
133,3
134,10
135,11
136,17
137,6
138,6
139,13
140,18
141,17
142,11
143,17
144,17
145,16
146,18
147,10
148,15
149,18
150,7
151,12
152,18
153,2
154,1
155,7
156,15
157,11
158,13
159,7
160,19
161,8
162,5
163,3
164,6
165,6
166,4
167,3
168,4
169,4
170,12
171,0
172,9
173,9
174,15
175,4
176,16
177,19
178,16
179,10
180,7
181,9
182,8
183,8
184,12
185,0
186,2
187,10
188,19
189,3
190,13
191,7
192,13
193,2
194,13
195,18
196,15
197,2
198,18
199,14
200,12
201,6
202,6
203,1
204,19
205,9
206,2
207,1
208,3
209,2
210,10
211,19
212,7
213,13
214,5
215,0
216,19
217,14
218,12
219,18
220,17
221,15
222,12
223,0
224,15
225,15
226,4
227,3
228,1
229,0
230,10
231,9
232,10
233,4
234,1
235,19
236,3
237,17
238,18
239,15
240,12
241,16
242,4
243,9
244,0
245,11
246,15
247,17
248,16
249,13
250,6
251,11
252,18
253,6
254,7
255,16
256,18
257,6
258,11
259,1
260,17
261,5
262,10
263,17
264,17
265,1
266,4
267,7
268,18
269,5
270,2
271,13
272,10
273,8
274,7
275,1
276,3
277,6
278,4
279,5
280,16
281,0
282,11
283,13
284,16
285,17
286,15
287,1
288,14
289,13
290,7
291,9
292,18
293,0
294,12
295,10
296,7
297,18
298,11
299,11
300,4
301,4
302,4
303,0
304,2
305,9
306,6
307,14
308,18
309,13
310,14
311,13
312,5
313,3
314,10
315,14
316,8
317,16
318,16
319,2
320,3
321,19
322,11
323,12
324,1
325,0
326,1
327,13
328,5
329,10
330,9
331,0
332,9
333,8
334,19
335,14
336,13
337,4
338,3
339,14
340,19
341,3
342,2
343,18
344,0
345,14
346,18
347,5
348,2
349,6
350,5
351,17
352,3
353,19
354,14
355,9
356,17
357,10
358,16
359,1
360,11
361,5
362,16
363,0
364,17
365,4
366,10
367,6
368,7
369,1
370,10
371,2
372,0
373,2
374,5
375,11
376,6
377,15
378,18
379,9
380,5
381,2
382,15
383,18
384,9
385,1
386,18
387,18
388,17
389,15
390,9
391,10
392,2
393,1
394,18
395,0
396,17
397,17
398,7
399,15
400,0
401,14
402,3
403,5
404,15
405,4
406,16
407,0
408,6
409,14
410,17
411,0
412,7
413,8
414,15
415,9
416,10
417,3
418,1
419,7
420,14
421,10
422,18
423,5
424,12
425,1
426,15
427,13
428,0
429,11
430,4
431,8
432,5
433,8
434,14
435,4
436,3
437,1
438,3
439,5
440,14
441,5
442,16
443,0
444,16
445,15
446,2
447,15
448,11
449,17
450,0
451,10
452,19
453,18
454,5
455,9
456,1
457,19
458,2
459,6
460,13
461,3
462,9
463,3
464,13
465,2
466,15
467,14
468,7
469,10
470,3
471,7
472,2
473,3
474,13
475,1
476,6
477,10
478,17
479,10
480,10
481,7
482,1
483,10
484,3
485,8
486,2
487,15
488,18
489,15
490,8
491,8
492,6
493,2
494,6
495,2
496,18
497,14
498,3
499,8
500,17
501,16
502,6
503,2
504,1
505,19
506,11
507,9
508,11
509,17
510,12
511,5
512,3
513,10
514,12
515,13
516,3
517,18
518,18
519,9
520,14
521,14
522,14
523,7
524,0
525,12
526,7
527,17
528,19
529,6
530,7
531,5
532,19
533,4
534,19
535,4
536,17
537,18
538,19
539,4
540,13
541,0
542,16
543,12
544,13
545,8
546,12
547,16
548,14
549,3
550,11
551,0
552,1
553,7
554,14
555,4
556,10
557,13
558,1
559,8
560,0
561,12
562,18
563,0
564,19
565,8
566,22
567,17
568,10
569,16
570,10
571,0
572,7
573,15
574,1
575,5
576,1
577,19
578,9
579,6
580,0
581,18
582,3
583,14
584,10
585,4
586,7
587,3
588,4
589,13
590,15
591,15
592,19
593,14
594,19
595,5
596,15
597,19
598,19
599,5
600,8
601,15
602,13
603,2
604,18
605,17
606,11
607,3
608,11
609,18
610,16
611,7
612,10
613,15
614,12
615,2
616,11
617,3
618,1
619,1
620,19
621,4
622,15
623,18
624,5
625,5
626,12
627,15
628,7
629,14
630,15
631,5
632,14
633,2
634,15
635,5
636,16
637,1
638,14
639,8
640,11
641,15
642,18
643,10
644,13
645,0
646,16
647,10
648,16
649,10
650,11
651,14
652,12
653,9
654,19
655,9
656,10
657,16
658,10
659,3
660,13
661,6
662,4
663,5
664,9
665,6
666,14
667,3
668,16
669,10
670,6
671,17
672,9
673,0
674,14
675,2
676,11
677,13
678,9
679,16
680,1
681,0
682,15
683,11
684,0
685,15
686,14
687,7
688,6
689,11
690,17
691,14
692,6
693,16
694,7
695,18
696,13
697,5
698,10
699,11
700,9
701,3
702,8
703,9
704,14
705,17
706,15
707,15
708,13
709,15
710,15
711,8
712,15
713,18
714,15
715,3
716,18
717,14
718,0
719,2
720,2
721,1
722,12
723,5
724,18
725,16
726,9
727,13
728,13
729,13
730,5
731,5
732,11
733,17
734,10
735,8
736,7
737,13
738,4
739,14
740,4
741,4
742,18
743,1
744,9
745,12
746,10
747,9
748,16
749,15
750,15
751,3
752,0
753,4
754,7
755,6
756,2
757,15
758,0
759,14
760,2
761,0
762,15
763,8
764,17
765,3
766,1
767,0
768,8
769,9
770,16
771,10
772,3
773,7
774,5
775,17
776,7
777,14
778,10
779,6
780,13
781,10
782,3
783,16
784,10
785,17
786,8
787,12
788,2
789,1
790,19
791,0
792,19
793,11
794,2
795,13
796,3
797,18
798,14
799,18
800,11
801,7
802,12
803,17
804,6
805,19
806,16
807,8
808,19
809,9
810,18
811,2
812,1
813,14
814,16
815,9
816,8
817,2
818,4
819,2
820,3
821,9
822,14
823,3
824,4
825,13
826,3
827,8
828,3
829,13
830,1
831,1
832,3
833,13
834,5
835,6
836,17
837,7
838,10
839,15
840,17
841,14
842,19
843,1
844,1
845,1
846,12
847,9
848,2
849,2
850,17
851,3
852,3
853,3
854,17
855,1
856,0
857,4
858,17
859,2
860,13
861,12
862,5
863,7
864,19
865,11
866,12
867,2
868,9
869,10
870,4
871,13
872,3
873,16
874,9
875,9
876,0
877,5
878,19
879,3
880,10
881,5
882,13
883,2
884,12
885,1
886,5
887,16
888,10
889,15
890,10
891,13
892,5
893,14
894,13
895,9
896,7
897,14
898,1
899,16
900,9
901,2
902,13
903,18
904,16
905,16
906,15
907,3
908,12
909,2
910,1
911,0
912,11
913,2
914,19
915,13
916,10
917,9
918,10
919,10
920,12
921,6
922,16
923,14
924,8
925,12
926,6
927,3
928,11
929,9
930,3
931,19
932,0
933,4
934,18
935,15
936,1
937,17
938,11
939,17
940,2
941,3
942,4
943,6
944,11
945,14
946,13
947,19
948,4
949,10
950,16
951,4
952,14
953,4
954,13
955,2
956,13
957,8
958,11
959,12
960,2
961,5
962,0
963,8
964,7
965,0
966,3
967,15
968,7
969,17
970,10
971,19
972,19
973,2
974,7
975,10
976,12
977,13
978,3
979,15
980,17
981,4
982,7
983,6
984,18
985,3
986,16
987,17
988,14
989,15
990,6
991,13
992,9
993,4
994,3
995,19
996,2
997,9
998,9
999,10
1000,15
1001,12
1002,5
1003,5
1004,10
1005,2
1006,8
1007,4
1008,5
1009,10
1010,6
1011,18
1012,12
1013,19
1014,17
1015,7
1016,10
1017,4
1018,12
1019,11
1020,2
1021,8
1022,9
1023,16
1024,2
1025,9
1026,3
1027,18
1028,8
1029,6
1030,9
1031,3
1032,1
1033,14
1034,9
1035,5
1036,2
1037,11
1038,17
1039,4
1040,16
1041,12
1042,8
1043,8
1044,5
1045,12
1046,18
1047,6
1048,0
1049,1
1050,3
1051,19
1052,1
1053,13
1054,17
1055,13
1056,2
1057,3
1058,18
1059,9
1060,16
1061,12
1062,7
1063,1
1064,9
1065,18
1066,12
1067,6
1068,17
1069,0
1070,2
1071,10
1072,24
1073,10
1074,8
1075,12
1076,18
1077,14
1078,19
1079,14
1080,15
1081,15
1082,18
1083,16
1084,14
1085,5
1086,3
1087,17
1088,0
1089,13
1090,16
1091,15
1092,6
1093,13
1094,10
1095,9
1096,17
1097,5
1098,18
1099,14
1100,5
1101,13
1102,2
1103,13
1104,9
1105,9
1106,6
1107,1
1108,12
1109,10
1110,3
1111,5
1112,10
1113,10
1114,7
1115,15
1116,19
1117,2
1118,15
1119,8
1120,11
1121,10
1122,17
1123,16
1124,0
1125,18
1126,6
1127,0
1128,9
1129,0
1130,11
1131,12
1132,4
1133,9
1134,16
1135,7
1136,1
1137,10
1138,8
1139,1
1140,8
1141,18
1142,4
1143,0
1144,9
1145,8
1146,9
1147,16
1148,17
1149,8
1150,12
1151,14
1152,10
1153,0
1154,13
1155,12
1156,10
1157,9
1158,14
1159,16
1160,10
1161,3
1162,2
1163,3
1164,13
1165,3
1166,14
1167,12
1168,7
1169,0
1170,17
1171,19
1172,0
1173,9
1174,2
1175,12
1176,8
1177,15
1178,7
1179,13
1180,17
1181,8
1182,9
1183,19
1184,1
1185,6
1186,9
1187,18
1188,13
1189,3
1190,6
1191,12
1192,1
1193,2
1194,10
1195,14
1196,18
1197,6
1198,5
1199,17
1200,9
1201,5
1202,9
1203,19
1204,5
1205,5
1206,4
1207,5
1208,3
1209,10
1210,0
1211,16
1212,17
1213,8
1214,0
1215,18
1216,9
1217,5
1218,11
1219,13
1220,9
1221,4
1222,12
1223,12
1224,17
1225,19
1226,6
1227,4
1228,13
1229,19
1230,10
1231,19
1232,4
1233,14
1234,5
1235,12
1236,1
1237,7
1238,2
1239,19
1240,19
1241,11
1242,13
1243,3
1244,3
1245,1
1246,18
1247,16
1248,18
1249,18
1250,12
1251,4
1252,17
1253,6
1254,17
1255,13
1256,18
1257,6
1258,11
1259,6
1260,5
1261,9
1262,1
1263,10
1264,18
1265,10
1266,10
1267,8
1268,18
1269,7
1270,14
1271,6
1272,11
1273,15
1274,12
1275,16
1276,3
1277,16
1278,12
1279,11
1280,6
1281,3
1282,17
1283,7
1284,2
1285,5
1286,14
1287,12
1288,10
1289,13
1290,6
1291,13
1292,9
1293,2
1294,9
1295,10
1296,5
1297,19
1298,4
1299,17
1300,17
1301,9
1302,9
1303,8
1304,13
1305,1
1306,0
1307,14
1308,8
1309,12
1310,9
1311,17
1312,5
1313,16
1314,18
1315,15
1316,15
1317,3
1318,3
1319,16
1320,2
1321,14
1322,9
1323,19
1324,16
1325,18
1326,3
1327,13
1328,14
1329,1
1330,12
1331,6
1332,9
1333,3
1334,6
1335,0
1336,3
1337,2
1338,13
1339,14
1340,18
1341,9
1342,3
1343,8
1344,5
1345,10
1346,16
1347,12
1348,12
1349,6
1350,11
1351,11
1352,2
1353,14
1354,13
1355,16
1356,16
1357,11
1358,8
1359,19
1360,5
1361,14
1362,15
1363,4
1364,5
1365,4
1366,6
1367,10
1368,13
1369,7
1370,16
1371,12
1372,14
1373,11
1374,3
1375,16
1376,18
1377,5
1378,10
1379,14
1380,5
1381,16
1382,13
1383,13
1384,3
1385,18
1386,19
1387,0
1388,4
1389,4
1390,2
1391,8
1392,3
1393,14
1394,17
1395,19
1396,0
1397,9
1398,3
1399,19
1400,12
1401,17
1402,10
1403,6
1404,16
1405,19
1406,10
1407,4
1408,10
1409,9
1410,19
1411,7
1412,15
1413,1
1414,0
1415,5
1416,18
1417,16
1418,6
1419,14
1420,10
1421,17
1422,19
1423,3
1424,12
1425,13
1426,2
1427,10
1428,13
1429,22
1430,16
1431,6
1432,2
1433,1
1434,0
1435,6
1436,8
1437,9
1438,10
1439,13
1440,16
1441,5
1442,3
1443,11
1444,9
1445,6
1446,4
1447,13
1448,0
1449,8
1450,15
1451,16
1452,2
1453,9
1454,9
1455,2
1456,13
1457,15
1458,7
1459,19
1460,19
1461,11
1462,3
1463,9
1464,0
1465,9
1466,19
1467,5
1468,6
1469,6
1470,19
1471,3
1472,2
1473,7
1474,13
1475,6
1476,16
1477,19
1478,15
1479,5
1480,7
1481,15
1482,17
1483,2
1484,14
1485,1
1486,8
1487,1
1488,18
1489,3
1490,13
1491,18
1492,4
1493,16
1494,16
1495,2
1496,9
1497,12
1498,11
1499,10
1500,12
1501,3
1502,2
1503,10
1504,19
1505,11
1506,16
1507,16
1508,16
1509,12
1510,9
1511,16
1512,1
1513,18
1514,12
1515,12
1516,8
1517,9
1518,1
1519,17
1520,16
1521,9
1522,9
1523,7
1524,12
1525,2
1526,14
1527,3
1528,3
1529,4
1530,16
1531,11
1532,7
1533,1
1534,16
1535,7
1536,15
1537,4
1538,8
1539,2
1540,12
1541,4
1542,17
1543,18
1544,13
1545,17
1546,6
1547,19
1548,18
1549,12
1550,1
1551,5
1552,5
1553,8
1554,14
1555,0
1556,15
1557,8
1558,4
1559,8
1560,17
1561,3
1562,18
1563,17
1564,2
1565,1
1566,6
1567,1
1568,7
1569,5
1570,19
1571,0
1572,14
1573,13
1574,9
1575,1
1576,9
1577,5
1578,1
1579,0
1580,11
1581,6
1582,4
1583,11
1584,13
1585,1
1586,11
1587,13
1588,19
1589,14
1590,8
1591,3
1592,19
1593,18
1594,3
1595,10
1596,15
1597,18
1598,16
1599,6
1600,11
1601,4
1602,10
1603,13
1604,15
1605,1
1606,18
1607,0
1608,18
1609,6
1610,3
1611,0
1612,6
1613,5
1614,15
1615,1
1616,16
1617,7
1618,9
1619,1
1620,2
1621,2
1622,6
1623,17
1624,16
1625,5
1626,3
1627,12
1628,17
1629,14
1630,10
1631,16
1632,8
1633,9
1634,19
1635,13
1636,10
1637,18
1638,10
1639,7
1640,11
1641,14
1642,16
1643,11
1644,18
1645,16
1646,6
1647,4
1648,4
1649,19
1650,5
1651,2
1652,11
1653,12
1654,18
1655,10
1656,5
1657,2
1658,3
1659,5
1660,7
1661,1
1662,13
1663,18
1664,13
1665,14
1666,16
1667,16
1668,15
1669,4
1670,6
1671,16
1672,18
1673,6
1674,10
1675,1
1676,2
1677,16
1678,1
1679,4
1680,1
1681,3
1682,6
1683,7
1684,19
1685,16
1686,7
1687,0
1688,12
1689,4
1690,12
1691,17
1692,17
1693,16
1694,2
1695,11
1696,4
1697,3
1698,8
1699,9
1700,8
1701,13
1702,17
1703,0
1704,17
1705,4
1706,17
1707,9
1708,5
1709,3
1710,2
1711,6
1712,7
1713,6
1714,17
1715,9
1716,1
1717,17
1718,6
1719,10
1720,7
1721,18
1722,18
1723,6
1724,9
1725,11
1726,14
1727,14
1728,0
1729,19
1730,2
1731,13
1732,0
1733,12
1734,17
1735,3
1736,4
1737,12
1738,10
1739,11
1740,2
1741,0
1742,1
1743,10
1744,0
1745,7
1746,13
1747,8
1748,15
1749,9
1750,13
1751,0
1752,17
1753,8
1754,9
1755,3
1756,5
1757,11
1758,4
1759,1
1760,10
1761,16
1762,2
1763,11
1764,12
1765,7
1766,2
1767,6
1768,14
1769,11
1770,10
1771,14
1772,8
1773,1
1774,15
1775,5
1776,3
1777,14
1778,12
1779,3
1780,0
1781,1
1782,11
1783,10
1784,17
1785,8
1786,3
1787,1
1788,2
1789,15
1790,13
1791,15
1792,4
1793,15
1794,1
1795,12
1796,17
1797,8
1798,13
1799,17
1800,16
1801,12
1802,10
1803,5
1804,12
1805,17
1806,18
1807,10
1808,16
1809,4
1810,2
1811,5
1812,16
1813,16
1814,11
1815,18
1816,18
1817,7
1818,2
1819,16
1820,7
1821,12
1822,9
1823,10
1824,17
1825,19
1826,14
1827,17
1828,15
1829,14
1830,12
1831,10
1832,10
1833,15
1834,11
1835,7
1836,9
1837,8
1838,15
1839,7
1840,19
1841,5
1842,5
1843,3
1844,19
1845,12
1846,1
1847,12
1848,14
1849,4
1850,15
1851,19
1852,1
1853,6
1854,16
1855,13
1856,6
1857,7
1858,6
1859,8
1860,19
1861,3
1862,9
1863,19
1864,8
1865,18
1866,8
1867,11
1868,3
1869,3
1870,14
1871,2
1872,17
1873,4
1874,11
1875,12
1876,0
1877,7
1878,9
1879,13
1880,3
1881,15
1882,5
1883,19
1884,14
1885,9
1886,1
1887,5
1888,18
1889,14
1890,15
1891,19
1892,9
1893,11
1894,1
1895,5
1896,10
1897,3
1898,2
1899,5
1900,15
1901,12
1902,0
1903,16
1904,7
1905,5
1906,17
1907,7
1908,10
1909,8
1910,1
1911,15
1912,11
1913,8
1914,12
1915,2
1916,17
1917,11
1918,6
1919,19
1920,1
1921,17
1922,5
1923,16
1924,9
1925,4
1926,3
1927,13
1928,15
1929,9
1930,11
1931,17
1932,2
1933,16
1934,2
1935,11
1936,2
1937,12
1938,4
1939,1
1940,12
1941,19
1942,16
1943,15
1944,12
1945,16
1946,3
1947,11
1948,4
1949,0
1950,5
1951,7
1952,16
1953,6
1954,11
1955,13
1956,17
1957,4
1958,2
1959,12
1960,1
1961,11
1962,10
1963,3
1964,4
1965,9
1966,7
1967,9
1968,9
1969,11
1970,3
1971,7
1972,18
1973,15
1974,1
1975,17
1976,14
1977,17
1978,12
1979,12
1980,12
1981,19
1982,17
1983,18
1984,7
1985,1
1986,7
1987,13
1988,4
1989,19
1990,3
1991,8
1992,19
1993,5
1994,1
1995,16
1996,14
1997,13
1998,4
1999,3
2000,11
2001,11
2002,0
2003,12
2004,4
2005,6
2006,4
2007,11
2008,11
2009,8
2010,6
2011,5
2012,11
2013,0
2014,9
2015,9
2016,10
2017,19
2018,4
2019,8
2020,8
2021,10
2022,4
2023,17
2024,18
2025,17
2026,2
2027,16
2028,2
2029,1
2030,9
2031,17
2032,11
2033,16
2034,1
2035,11
2036,1
2037,19
2038,14
2039,4
2040,1
2041,1
2042,4
2043,10
2044,12
2045,15
2046,6
2047,15
2048,8
2049,7
2050,10
2051,3
2052,16
2053,17
2054,4
2055,1
2056,16
2057,6
2058,8
2059,19
2060,5
2061,10
2062,17
2063,16
2064,12
2065,16
2066,18
2067,1
2068,2
2069,1
2070,10
2071,10
2072,14
2073,4
2074,15
2075,4
2076,12
2077,17
2078,8
2079,15
2080,7
2081,12
2082,7
2083,10
2084,6
2085,1
2086,3
2087,3
2088,19
2089,17
2090,9
2091,15
2092,19
2093,5
2094,12
2095,9
2096,15
2097,4
2098,16
2099,3
2100,11
2101,6
2102,7
2103,14
2104,19
2105,14
2106,19
2107,12
2108,15
2109,19
2110,9
2111,3
2112,12
2113,6
2114,4
2115,18
2116,18
2117,17
2118,17
2119,17
2120,8
2121,16
2122,7
2123,15
2124,11
2125,5
2126,13
2127,0
2128,5
2129,10
2130,12
2131,5
2132,19
2133,13
2134,11
2135,6
2136,11
2137,9
2138,17
2139,10
2140,17
2141,4
2142,17
2143,19
2144,12
2145,6
2146,12
2147,5
2148,14
2149,10
2150,10
2151,14
2152,3
2153,16
2154,11
2155,3
2156,1
2157,0
2158,18
2159,7
2160,12
2161,14
2162,3
2163,13
2164,12
2165,17
2166,11
2167,5
2168,1
2169,7
2170,7
2171,9
2172,0
2173,2
2174,5
2175,14
2176,16
2177,19
2178,1
2179,12
2180,4
2181,10
2182,17
2183,4
2184,5
2185,16
2186,19
2187,16
2188,10
2189,1
2190,3
2191,4
2192,2
2193,6
2194,9
2195,0
2196,5
2197,18
2198,6
2199,14
2200,4
2201,1
2202,16
2203,10
2204,13
2205,11
2206,4
2207,17
2208,17
2209,13
2210,16
2211,17
2212,15
2213,12
2214,5
2215,9
2216,9
2217,11
2218,7
2219,13
2220,12
2221,11
2222,4
2223,1
2224,10
2225,2
2226,16
2227,6
2228,4
2229,14
2230,8
2231,2
2232,17
2233,8
2234,18
2235,0
2236,0
2237,0
2238,14
2239,7
2240,13
2241,7
2242,10
2243,4
2244,1
2245,7
2246,12
2247,19
2248,6
2249,4
2250,18
2251,11
2252,3
2253,14
2254,0
2255,7
2256,14
2257,11
2258,9
2259,18
2260,12
2261,1
2262,0
2263,7
2264,2
2265,14
2266,8
2267,18
2268,19
2269,19
2270,0
2271,8
2272,8
2273,13
2274,7
2275,2
2276,9
2277,15
2278,5
2279,4
2280,9
2281,2
2282,1
2283,14
2284,1
2285,5
2286,19
2287,12
2288,3
2289,5
2290,2
2291,8
2292,10
2293,11
2294,3
2295,0
2296,18
2297,16
2298,15
2299,11
2300,7
2301,5
2302,12
2303,10
2304,9
2305,13
2306,4
2307,11
2308,11
2309,1
2310,10
2311,8
2312,3
2313,17
2314,0
2315,0
2316,14
2317,15
2318,19
2319,14
2320,11
2321,15
2322,4
2323,3
2324,6
2325,7
2326,11
2327,5
2328,15
2329,2
2330,6
2331,15
2332,6
2333,8
2334,9
2335,15
2336,15
2337,6
2338,12
2339,17
2340,0
2341,3
2342,6
2343,4
2344,13
2345,14
2346,14
2347,1
2348,17
2349,6
2350,13
2351,5
2352,14
2353,10
2354,6
2355,18
2356,0
2357,9
2358,16
2359,19
2360,2
2361,15
2362,17
2363,6
2364,14
2365,7
2366,14
2367,8
2368,9
2369,5
2370,17
2371,0
2372,18
2373,11
2374,4
2375,15
2376,17
2377,15
2378,5
2379,0
2380,12
2381,5
2382,2
2383,13
2384,19
2385,2
2386,8
2387,12
2388,9
2389,11
2390,16
2391,4
2392,13
2393,0
2394,18
2395,10
2396,15
2397,16
2398,15
2399,13
2400,11
2401,6
2402,0
2403,10
2404,9
2405,9
2406,0
2407,9
2408,6
2409,8
2410,0
2411,5
2412,2
2413,6
2414,18
2415,17
2416,10
2417,6
2418,17
2419,16
2420,13
2421,7
2422,13
2423,3
2424,5
2425,16
2426,11
2427,12
2428,12
2429,0
2430,16
2431,6
2432,9
2433,5
2434,12
2435,16
2436,15
2437,14
2438,3
2439,3
2440,6
2441,14
2442,10
2443,12
2444,0
2445,4
2446,11
2447,15
2448,11
2449,7
2450,3
2451,15
2452,6
2453,5
2454,7
2455,4
2456,15
2457,16
2458,12
2459,8
2460,10
2461,18
2462,2
2463,13
2464,2
2465,18
2466,4
2467,18
2468,4
2469,5
2470,5
2471,2
2472,18
2473,15
2474,6
2475,0
2476,6
2477,17
2478,10
2479,19
2480,15
2481,3
2482,9
2483,0
2484,14
2485,5
2486,5
2487,10
2488,17
2489,7
2490,0
2491,10
2492,12
2493,11
2494,4
2495,18
2496,6
2497,19
2498,4
2499,12
2500,2
2501,19
2502,10
2503,3
2504,3
2505,10
2506,14
2507,9
2508,5
2509,9
2510,19
2511,12
2512,7
2513,11
2514,8
2515,1
2516,13
2517,10
2518,19
2519,11
2520,13
2521,9
2522,10
2523,17
2524,7
2525,18
2526,17
2527,17
2528,18
2529,6
2530,18
2531,4
2532,2
2533,4
2534,9
2535,7
2536,13
2537,5
2538,7
2539,18
2540,12
2541,11
2542,12
2543,17
2544,19
2545,0
2546,18
2547,16
2548,13
2549,3
2550,18
2551,5
2552,1
2553,8
2554,11
2555,14
2556,16
2557,10
2558,9
2559,13
2560,16
2561,18
2562,19
2563,18
2564,17
2565,15
2566,1
2567,7
2568,9
2569,10
2570,4
2571,4
2572,6
2573,0
2574,9
2575,13
2576,15
2577,11
2578,17
2579,10
2580,18
2581,9
2582,7
2583,12
2584,2
2585,3
2586,6
2587,6
2588,1
2589,3
2590,1
2591,12
2592,2
2593,7
2594,9
2595,6
2596,6
2597,11
2598,3
2599,17
2600,5
2601,12
2602,7
2603,14
2604,13
2605,17
2606,8
2607,11
2608,8
2609,0
2610,19
2611,14
2612,18
2613,9
2614,15
2615,8
2616,3
2617,18
2618,8
2619,18
2620,13
2621,7
2622,0
2623,8
2624,0
2625,9
2626,10
2627,15
2628,17
2629,2
2630,4
2631,4
2632,9
2633,0
2634,10
2635,9
2636,5
2637,8
2638,7
2639,18
2640,11
2641,11
2642,9
2643,10
2644,18
2645,12
2646,11
2647,3
2648,0
2649,0
2650,6
2651,3
2652,5
2653,12
2654,13
2655,2
2656,9
2657,3
2658,19
2659,8
2660,19
2661,10
2662,10
2663,2
2664,18
2665,9
2666,16
2667,6
2668,4
2669,4
2670,2
2671,6
2672,10
2673,8
2674,15
2675,15
2676,13
2677,5
2678,13
2679,19
2680,8
2681,16
2682,5
2683,17
2684,19
2685,15
2686,3
2687,8
2688,16
2689,19
2690,15
2691,19
2692,16
2693,2
2694,7
2695,4
2696,15
2697,7
2698,13
2699,11
2700,1
2701,10
2702,2
2703,7
2704,12
2705,7
2706,15
2707,5
2708,6
2709,4
2710,5
2711,9
2712,16
2713,10
2714,14
2715,14
2716,12
2717,7
2718,13
2719,18
2720,10
2721,1
2722,8
2723,0
2724,13
2725,5
2726,5
2727,4
2728,1
2729,5
2730,4
2731,16
2732,17
2733,8
2734,7
2735,4
2736,15
2737,1
2738,0
2739,4
2740,18
2741,5
2742,16
2743,18
2744,3
2745,7
2746,16
2747,6
2748,16
2749,10
2750,13
2751,4
2752,6
2753,9
2754,14
2755,7
2756,9
2757,17
2758,12
2759,11
2760,9
2761,1
2762,13
2763,5
2764,11
2765,5
2766,0
2767,4
2768,7
2769,5
2770,16
2771,0
2772,2
2773,4
2774,19
2775,19
2776,3
2777,9
2778,15
2779,1
2780,15
2781,14
2782,0
2783,5
2784,13
2785,7
2786,11
2787,19
2788,11
2789,6
2790,1
2791,18
2792,5
2793,6
2794,9
2795,8
2796,3
2797,4
2798,4
2799,12
2800,8
2801,9
2802,12
2803,7
2804,7
2805,16
2806,16
2807,15
2808,14
2809,8
2810,7
2811,4
2812,7
2813,18
2814,14
2815,12
2816,15
2817,2
2818,2
2819,2
2820,1
2821,3
2822,12
2823,7
2824,1
2825,2
2826,12
2827,6
2828,11
2829,12
2830,1
2831,10
2832,16
2833,7
2834,9
2835,2
2836,1
2837,13
2838,17
2839,8
2840,11
2841,10
2842,13
2843,2
2844,9
2845,9
2846,17
2847,15
2848,6
2849,3
2850,12
2851,15
2852,11
2853,11
2854,16
2855,19
2856,11
2857,10
2858,6
2859,2
2860,17
2861,4
2862,12
2863,8
2864,9
2865,1
2866,8
2867,7
2868,6
2869,0
2870,10
2871,2
2872,11
2873,8
2874,0
2875,9
2876,15
2877,9
2878,0
2879,15
2880,10
2881,4
2882,0
2883,9
2884,7
2885,10
2886,5
2887,8
2888,8
2889,12
2890,11
2891,16
2892,4
2893,12
2894,19
2895,12
2896,17
2897,12
2898,17
2899,16
2900,13
2901,19
2902,11
2903,11
2904,4
2905,12
2906,2
2907,3
2908,1
2909,19
2910,10
2911,14
2912,2
2913,8
2914,4
2915,13
2916,12
2917,17
2918,15
2919,2
2920,18
2921,6
2922,9
2923,4
2924,6
2925,8
2926,2
2927,3
2928,12
2929,18
2930,0
2931,3
2932,6
2933,15
2934,11
2935,2
2936,5
2937,3
2938,6
2939,7
2940,0
2941,18
2942,2
2943,4
2944,5
2945,5
2946,2
2947,17
2948,10
2949,13
2950,19
2951,10
2952,12
2953,14
2954,7
2955,4
2956,10
2957,3
2958,7
2959,16
2960,2
2961,2
2962,11
2963,0
2964,14
2965,9
2966,19
2967,2
2968,5
2969,6
2970,12
2971,3
2972,19
2973,8
2974,11
2975,5
2976,10
2977,8
2978,10
2979,4
2980,6
2981,0
2982,11
2983,18
2984,6
2985,14
2986,4
2987,13
2988,2
2989,9
2990,6
2991,12
2992,16
2993,8
2994,5
2995,15
2996,11
2997,5
2998,9
2999,3
3000,6
3001,1
3002,1
3003,7
3004,2
3005,2
3006,3
3007,17
3008,8
3009,12
3010,18
3011,9
3012,10
3013,6
3014,16
3015,12
3016,19
3017,19
3018,14
3019,7
3020,0
3021,18
3022,10
3023,6
3024,9
3025,0
3026,4
3027,6
3028,4
3029,14
3030,16
3031,11
3032,15
3033,19
3034,1
3035,15
3036,11
3037,13
3038,3
3039,19
3040,19
3041,14
3042,3
3043,15
3044,2
3045,7
3046,5
3047,19
3048,9
3049,19
3050,7
3051,10
3052,16
3053,7
3054,9
3055,9
3056,10
3057,7
3058,18
3059,17
3060,17
3061,4
3062,17
3063,13
3064,5
3065,9
3066,13
3067,12
3068,3
3069,0
3070,8
3071,16
3072,13
3073,13
3074,11
3075,1
3076,0
3077,12
3078,10
3079,9
3080,13
3081,0
3082,17
3083,19
3084,10
3085,16
3086,17
3087,16
3088,11
3089,3
3090,5
3091,12
3092,14
3093,18
3094,6
3095,9
3096,18
3097,15
3098,18
3099,5
3100,5
3101,5
3102,13
3103,15
3104,3
3105,1
3106,2
3107,3
3108,13
3109,12
3110,3
3111,19
3112,19
3113,3
3114,5
3115,1
3116,0
3117,5
3118,4
3119,11
3120,18
3121,10
3122,11
3123,14
3124,14
3125,19
3126,10
3127,5
3128,16
3129,0
3130,7
3131,12
3132,6
3133,1
3134,9
3135,12
3136,15
3137,12
3138,16
3139,5
3140,10
3141,12
3142,5
3143,5
3144,0
3145,6
3146,4
3147,16
3148,8
3149,4
3150,14
3151,16
3152,11
3153,15
3154,15
3155,3
3156,8
3157,10
3158,19
3159,10
3160,9
3161,10
3162,7
3163,10
3164,17
3165,19
3166,18
3167,5
3168,19
3169,15
3170,15
3171,8
3172,13
3173,4
3174,8
3175,12
3176,3
3177,12
3178,18
3179,15
3180,18
3181,15
3182,4
3183,15
3184,0
3185,3
3186,15
3187,19
3188,16
3189,5
3190,2
3191,3
3192,8
3193,13
3194,3
3195,14
3196,12
3197,17
3198,17
3199,5
3200,1
3201,15
3202,6
3203,12
3204,0
3205,16
3206,4
3207,17
3208,4
3209,9
3210,18
3211,1
3212,16
3213,17
3214,4
3215,19
3216,14
3217,15
3218,9
3219,15
3220,1
3221,2
3222,15
3223,19
3224,15
3225,11
3226,14
3227,17
3228,16
3229,12
3230,11
3231,11
3232,0
3233,0
3234,7
3235,1
3236,0
3237,3
3238,6
3239,17
3240,8
3241,13
3242,0
3243,10
3244,2
3245,4
3246,14
3247,17
3248,17
3249,4
3250,5
3251,0
3252,18
3253,2
3254,7
3255,11
3256,6
3257,1
3258,1
3259,9
3260,10
3261,5
3262,16
3263,5
3264,3
3265,13
3266,18
3267,9
3268,14
3269,2
3270,18
3271,6
3272,3
3273,15
3274,8
3275,11
3276,5
3277,2
3278,11
3279,11
3280,8
3281,16
3282,14
3283,12
3284,18
3285,9
3286,9
3287,7
3288,12
3289,19
3290,19
3291,7
3292,18
3293,1
3294,4
3295,17
3296,0
3297,0
3298,1
3299,16
3300,1
3301,9
3302,0
3303,14
3304,12
3305,1
3306,3
3307,3
3308,2
3309,17
3310,11
3311,11
3312,1
3313,2
3314,7
3315,6
3316,3
3317,11
3318,16
3319,13
3320,4
3321,10
3322,19
3323,5
3324,17
3325,10
3326,15
3327,11
3328,8
3329,10
3330,18
3331,4
3332,2
3333,12
3334,6
3335,0
3336,19
3337,6
3338,6
3339,18
3340,2
3341,9
3342,17
3343,2
3344,16
3345,10
3346,4
3347,7
3348,6
3349,5
3350,6
3351,1
3352,13
3353,8
3354,2
3355,5
3356,9
3357,0
3358,10
3359,1
3360,11
3361,9
3362,4
3363,6
3364,1
3365,19
3366,13
3367,18
3368,12
3369,5
3370,18
3371,15
3372,16
3373,0
3374,10
3375,10
3376,9
3377,4
3378,6
3379,17
3380,11
3381,13
3382,15
3383,9
3384,7
3385,15
3386,10
3387,6
3388,4
3389,8
3390,8
3391,1
3392,3
3393,5
3394,3
3395,11
3396,1
3397,3
3398,7
3399,6
3400,14
3401,14
3402,17
3403,0
3404,4
3405,14
3406,0
3407,11
3408,18
3409,10
3410,3
3411,9
3412,16
3413,13
3414,2
3415,9
3416,16
3417,5
3418,6
3419,15
3420,8
3421,10
3422,8
3423,10
3424,9
3425,16
3426,16
3427,12
3428,12
3429,12
3430,17
3431,15
3432,9
3433,6
3434,1
3435,11
3436,2
3437,5
3438,19
3439,3
3440,19
3441,2
3442,5
3443,8
3444,2
3445,6
3446,15
3447,11
3448,13
3449,6
3450,12
3451,7
3452,15
3453,17
3454,14
3455,6
3456,2
3457,9
3458,9
3459,4
3460,13
3461,4
3462,11
3463,5
3464,4
3465,6
3466,3
3467,15
3468,1
3469,17
3470,16
3471,17
3472,5
3473,19
3474,18
3475,17
3476,12
3477,2
3478,11
3479,3
3480,0
3481,3
3482,0
3483,13
3484,16
3485,0
3486,9
3487,5
3488,12
3489,10
3490,15
3491,8
3492,6
3493,10
3494,16
3495,16
3496,15
3497,4
3498,9
3499,8
3500,3
3501,17
3502,11
3503,13
3504,11
3505,14
3506,0
3507,7
3508,16
3509,15
3510,15
3511,6
3512,6
3513,1
3514,1
3515,7
3516,3
3517,16
3518,12
3519,10
3520,14
3521,6
3522,7
3523,12
3524,2
3525,13
3526,2
3527,0
3528,14
3529,9
3530,3
3531,15
3532,8
3533,0
3534,3
3535,10
3536,16
3537,9
3538,3
3539,14
3540,1
3541,3
3542,16
3543,10
3544,4
3545,0
3546,0
3547,18
3548,5
3549,10
3550,18
3551,0
3552,5
3553,11
3554,12
3555,11
3556,10
3557,15
3558,17
3559,19
3560,6
3561,17
3562,11
3563,3
3564,7
3565,0
3566,11
3567,7
3568,5
3569,6
3570,6
3571,16
3572,8
3573,8
3574,13
3575,16
3576,19
3577,10
3578,0
3579,1
3580,3
3581,13
3582,10
3583,11
3584,3
3585,19
3586,14
3587,9
3588,4
3589,8
3590,14
3591,9
3592,8
3593,13
3594,8
3595,9
3596,15
3597,16
3598,4
3599,13
3600,11
3601,3
3602,7
3603,8
3604,19
3605,4
3606,3
3607,5
3608,13
3609,3
3610,19
3611,16
3612,9
3613,7
3614,6
3615,10
3616,11
3617,6
3618,8
3619,18
3620,7
3621,3
3622,8
3623,6
3624,2
3625,17
3626,3
3627,5
3628,3
3629,14
3630,4
3631,9
3632,0
3633,0
3634,6
3635,4
3636,14
3637,10
3638,0
3639,15
3640,8
3641,18
3642,12
3643,13
3644,10
3645,2
3646,12
3647,14
3648,3
3649,12
3650,5
3651,4
3652,5
3653,12
3654,18
3655,4
3656,0
3657,15
3658,10
3659,10
3660,3
3661,11
3662,18
3663,4
3664,14
3665,12
3666,7
3667,8
3668,12
3669,19
3670,14
3671,0
3672,0
3673,16
3674,14
3675,9
3676,16
3677,8
3678,6
3679,11
3680,14
3681,18
3682,9
3683,7
3684,8
3685,19
3686,8
3687,0
3688,4
3689,17
3690,13
3691,3
3692,0
3693,2
3694,12
3695,2
3696,11
3697,19
3698,0
3699,15
3700,9
3701,20
3702,2
3703,10
3704,16
3705,3
3706,2
3707,2
3708,8
3709,4
3710,15
3711,18
3712,9
3713,17
3714,14
3715,16
3716,17
3717,8
3718,1
3719,3
3720,14
3721,6
3722,0
3723,5
3724,6
3725,0
3726,12
3727,8
3728,17
3729,11
3730,19
3731,10
3732,14
3733,9
3734,3
3735,4
3736,19
3737,6
3738,2
3739,15
3740,16
3741,19
3742,18
3743,4
3744,16
3745,15
3746,11
3747,13
3748,15
3749,5
3750,12
3751,3
3752,1
3753,18
3754,19
3755,6
3756,11
3757,17
3758,18
3759,13
3760,6
3761,18
3762,11
3763,4
3764,6
3765,4
3766,2
3767,2
3768,13
3769,21
3770,5
3771,12
3772,17
3773,14
3774,9
3775,13
3776,3
3777,5
3778,1
3779,14
3780,14
3781,15
3782,6
3783,17
3784,18
3785,19
3786,11
3787,3
3788,13
3789,3
3790,10
3791,10
3792,1
3793,13
3794,3
3795,18
3796,7
3797,11
3798,13
3799,5
3800,8
3801,7
3802,8
3803,5
3804,8
3805,2
3806,2
3807,1
3808,9
3809,5
3810,4
3811,10
3812,5
3813,19
3814,5
3815,9
3816,10
3817,17
3818,15
3819,19
3820,17
3821,18
3822,19
3823,0
3824,2
3825,17
3826,10
3827,0
3828,13
3829,8
3830,14
3831,5
3832,10
3833,19
3834,8
3835,0
3836,9
3837,3
3838,4
3839,9
3840,4
3841,9
3842,13
3843,4
3844,5
3845,6
3846,3
3847,12
3848,13
3849,5
3850,9
3851,13
3852,11
3853,0
3854,7
3855,19
3856,3
3857,5
3858,8
3859,4
3860,11
3861,19
3862,18
3863,15
3864,1
3865,6
3866,4
3867,18
3868,15
3869,14
3870,13
3871,0
3872,5
3873,15
3874,7
3875,14
3876,2
3877,9
3878,3
3879,4
3880,12
3881,16
3882,13
3883,12
3884,7
3885,7
3886,8
3887,11
3888,5
3889,19
3890,4
3891,8
3892,14
3893,1
3894,5
3895,18
3896,2
3897,14
3898,7
3899,8
3900,7
3901,22
3902,14
3903,18
3904,3
3905,4
3906,19
3907,2
3908,12
3909,5
3910,15
3911,13
3912,11
3913,13
3914,15
3915,11
3916,2
3917,9
3918,12
3919,13
3920,11
3921,5
3922,10
3923,15
3924,3
3925,1
3926,2
3927,0
3928,10
3929,13
3930,18
3931,13
3932,11
3933,0
3934,3
3935,5
3936,8
3937,10
3938,12
3939,16
3940,13
3941,1
3942,14
3943,2
3944,7
3945,15
3946,18
3947,13
3948,9
3949,7
3950,7
3951,16
3952,15
3953,15
3954,4
3955,8
3956,17
3957,17
3958,16
3959,1
3960,3
3961,15
3962,13
3963,2
3964,2
3965,10
3966,14
3967,5
3968,2
3969,18
3970,12
3971,18
3972,7
3973,4
3974,2
3975,9
3976,3
3977,2
3978,9
3979,9
3980,12
3981,13
3982,8
3983,8
3984,8
3985,5
3986,12
3987,12
3988,9
3989,18
3990,7
3991,12
3992,18
3993,14
3994,7
3995,8
3996,5
3997,19
3998,11
3999,14
4000,15
4001,4
4002,15
4003,10
4004,16
4005,0
4006,0
4007,17
4008,8
4009,4
4010,8
4011,17
4012,11
4013,19
4014,0
4015,10
4016,13
4017,13
4018,19
4019,3
4020,13
4021,0
4022,14
4023,7
4024,4
4025,1
4026,14
4027,7
4028,8
4029,15
4030,0
4031,7
4032,6
4033,18
4034,11
4035,19
4036,7
4037,6
4038,7
4039,18
4040,14
4041,8
4042,4
4043,15
4044,14
4045,1
4046,5
4047,2
4048,18
4049,9
4050,2
4051,17
4052,6
4053,4
4054,5
4055,1
4056,2
4057,12
4058,4
4059,15
4060,10
4061,17
4062,15
4063,1
4064,16
4065,9
4066,2
4067,7
4068,11
4069,17
4070,6
4071,11
4072,14
4073,9
4074,3
4075,9
4076,18
4077,12
4078,15
4079,3
4080,19
4081,4
4082,15
4083,2
4084,14
4085,4
4086,3
4087,6
4088,7
4089,8
4090,16
4091,3
4092,17
4093,14
4094,10
4095,1
4096,1
4097,18
4098,16
4099,5
4100,4
4101,8
4102,13
4103,4
4104,7
4105,11
4106,16
4107,16
4108,17
4109,17
4110,7
4111,15
4112,15
4113,11
4114,11
4115,6
4116,0
4117,6
4118,11
4119,16
4120,8
4121,10
4122,8
4123,19
4124,15
4125,7
4126,9
4127,2
4128,14
4129,3
4130,15
4131,0
4132,13
4133,5
4134,1
4135,0
4136,3
4137,4
4138,8
4139,13
4140,18
4141,4
4142,7
4143,6
4144,5
4145,7
4146,12
4147,6
4148,11
4149,8
4150,15
4151,16
4152,16
4153,14
4154,6
4155,0
4156,4
4157,10
4158,8
4159,1
4160,4
4161,1
4162,16
4163,17
4164,11
4165,11
4166,6
4167,4
4168,6
4169,6
4170,5
4171,19
4172,5
4173,11
4174,8
4175,13
4176,17
4177,14
4178,18
4179,2
4180,19
4181,7
4182,10
4183,3
4184,5
4185,1
4186,8
4187,11
4188,9
4189,0
4190,16
4191,19
4192,4
4193,11
4194,16
4195,18
4196,3
4197,12
4198,10
4199,9
4200,19
4201,7
4202,2
4203,12
4204,15
4205,1
4206,0
4207,3
4208,2
4209,9
4210,0
4211,17
4212,12
4213,14
4214,13
4215,8
4216,11
4217,5
4218,7
4219,11
4220,6
4221,7
4222,10
4223,2
4224,11
4225,7
4226,14
4227,17
4228,10
4229,16
4230,12
4231,7
4232,14
4233,14
4234,13
4235,14
4236,0
4237,1
4238,12
4239,0
4240,10
4241,4
4242,13
4243,11
4244,16
4245,7
4246,7
4247,12
4248,13
4249,2
4250,14
4251,11
4252,14
4253,2
4254,5
4255,4
4256,8
4257,7
4258,13
4259,16
4260,5
4261,4
4262,4
4263,3
4264,16
4265,2
4266,12
4267,11
4268,2
4269,12
4270,6
4271,12
4272,18
4273,7
4274,12
4275,7
4276,17
4277,0
4278,7
4279,7
4280,0
4281,7
4282,15
4283,9
4284,10
4285,5
4286,6
4287,3
4288,17
4289,14
4290,3
4291,8
4292,16
4293,10
4294,6
4295,10
4296,1
4297,19
4298,17
4299,18
4300,10
4301,19
4302,19
4303,10
4304,9
4305,4
4306,16
4307,16
4308,1
4309,9
4310,18
4311,14
4312,13
4313,5
4314,11
4315,13
4316,10
4317,17
4318,16
4319,0
4320,0
4321,6
4322,10
4323,8
4324,14
4325,16
4326,5
4327,19
4328,11
4329,16
4330,8
4331,11
4332,4
4333,6
4334,2
4335,8
4336,1
4337,12
4338,10
4339,13
4340,7
4341,18
4342,0
4343,10
4344,12
4345,4
4346,5
4347,2
4348,9
4349,17
4350,2
4351,16
4352,11
4353,3
4354,17
4355,7
4356,7
4357,15
4358,4
4359,15
4360,4
4361,18
4362,12
4363,10
4364,19
4365,19
4366,4
4367,4
4368,18
4369,16
4370,11
4371,1
4372,16
4373,2
4374,10
4375,16
4376,9
4377,6
4378,17
4379,12
4380,12
4381,12
4382,11
4383,2
4384,6
4385,16
4386,0
4387,1
4388,1
4389,2
4390,2
4391,10
4392,3
4393,13
4394,8
4395,14
4396,18
4397,7
4398,12
4399,3
4400,19
4401,14
4402,10
4403,14
4404,14
4405,14
4406,17
4407,7
4408,3
4409,4
4410,8
4411,16
4412,4
4413,16
4414,6
4415,19
4416,8
4417,15
4418,19
4419,8
4420,7
4421,4
4422,15
4423,7
4424,12
4425,7
4426,0
4427,15
4428,7
4429,5
4430,7
4431,5
4432,13
4433,8
4434,13
4435,12
4436,16
4437,15
4438,13
4439,8
4440,1
4441,2
4442,13
4443,9
4444,8
4445,0
4446,18
4447,1
4448,11
4449,10
4450,5
4451,17
4452,12
4453,18
4454,13
4455,12
4456,18
4457,16
4458,10
4459,9
4460,9
4461,2
4462,11
4463,11
4464,5
4465,8
4466,10
4467,1
4468,3
4469,11
4470,0
4471,0
4472,3
4473,18
4474,3
4475,2
4476,2
4477,14
4478,12
4479,18
4480,2
4481,7
4482,2
4483,0
4484,14
4485,6
4486,18
4487,3
4488,11
4489,12
4490,11
4491,16
4492,12
4493,3
4494,10
4495,18
4496,15
4497,3
4498,14
4499,7
4500,10
4501,6
4502,16
4503,13
4504,0
4505,7
4506,1
4507,0
4508,0
4509,18
4510,7
4511,10
4512,5
4513,7
4514,19
4515,13
4516,5
4517,1
4518,6
4519,17
4520,2
4521,3
4522,5
4523,15
4524,4
4525,8
4526,1
4527,1
4528,16
4529,9
4530,15
4531,13
4532,2
4533,2
4534,0
4535,5
4536,6
4537,5
4538,19
4539,8
4540,1
4541,12
4542,0
4543,12
4544,15
4545,4
4546,14
4547,19
4548,7
4549,4
4550,4
4551,18
4552,17
4553,0
4554,2
4555,12
4556,17
4557,16
4558,4
4559,8
4560,15
4561,10
4562,2
4563,14
4564,12
4565,3
4566,19
4567,13
4568,0
4569,5
4570,12
4571,2
4572,19
4573,16
4574,5
4575,19
4576,3
4577,3
4578,7
4579,13
4580,0
4581,13
4582,13
4583,6
4584,6
4585,2
4586,10
4587,18
4588,12
4589,18
4590,8
4591,0
4592,18
4593,19
4594,6
4595,12
4596,13
4597,1
4598,6
4599,9
4600,14
4601,14
4602,2
4603,0
4604,0
4605,7
4606,13
4607,19
4608,3
4609,3
4610,0
4611,2
4612,15
4613,2
4614,6
4615,0
4616,5
4617,19
4618,12
4619,5
4620,12
4621,19
4622,19
4623,10
4624,12
4625,6
4626,18
4627,19
4628,17
4629,11
4630,12
4631,15
4632,13
4633,8
4634,6
4635,9
4636,0
4637,1
4638,18
4639,1
4640,1
4641,10
4642,17
4643,18
4644,16
4645,6
4646,5
4647,0
4648,11
4649,2
4650,5
4651,1
4652,7
4653,1
4654,19
4655,0
4656,16
4657,3
4658,18
4659,17
4660,12
4661,10
4662,18
4663,5
4664,7
4665,5
4666,8
4667,10
4668,14
4669,12
4670,0
4671,17
4672,5
4673,4
4674,15
4675,11
4676,12
4677,5
4678,14
4679,4
4680,0
4681,7
4682,8
4683,10
4684,17
4685,13
4686,2
4687,13
4688,15
4689,8
4690,14
4691,9
4692,14
4693,11
4694,16
4695,4
4696,17
4697,5
4698,5
4699,4
4700,0
4701,14
4702,0
4703,5
4704,9
4705,3
4706,5
4707,11
4708,10
4709,18
4710,1
4711,6
4712,4
4713,16
4714,6
4715,16
4716,4
4717,1
4718,9
4719,1
4720,5
4721,1
4722,11
4723,2
4724,15
4725,18
4726,18
4727,2
4728,15
4729,12
4730,13
4731,0
4732,3
4733,2
4734,8
4735,3
4736,5
4737,15
4738,8
4739,3
4740,15
4741,9
4742,18
4743,7
4744,14
4745,13
4746,15
4747,16
4748,16
4749,19
4750,12
4751,19
4752,19
4753,19
4754,2
4755,0
4756,5
4757,8
4758,0
4759,7
4760,15
4761,16
4762,8
4763,14
4764,12
4765,7
4766,7
4767,3
4768,18
4769,8
4770,15
4771,8
4772,14
4773,10
4774,9
4775,10
4776,10
4777,5
4778,7
4779,8
4780,14
4781,18
4782,13
4783,11
4784,16
4785,13
4786,18
4787,9
4788,1
4789,7
4790,18
4791,2
4792,9
4793,17
4794,7
4795,1
4796,2
4797,19
4798,6
4799,12
4800,11
4801,18
4802,17
4803,4
4804,18
4805,2
4806,2
4807,9
4808,13
4809,9
4810,17
4811,0
4812,13
4813,3
4814,8
4815,4
4816,16
4817,19
4818,19
4819,19
4820,15
4821,6
4822,0
4823,18
4824,1
4825,17
4826,4
4827,6
4828,19
4829,3
4830,18
4831,7
4832,1
4833,5
4834,9
4835,5
4836,10
4837,3
4838,14
4839,5
4840,18
4841,19
4842,17
4843,12
4844,15
4845,4
4846,2
4847,19
4848,6
4849,14
4850,1
4851,6
4852,6
4853,14
4854,4
4855,18
4856,1
4857,2
4858,1
4859,0
4860,7
4861,6
4862,12
4863,11
4864,3
4865,18
4866,6
4867,12
4868,9
4869,7
4870,1
4871,5
4872,17
4873,2
4874,12
4875,14
4876,17
4877,9
4878,17
4879,6
4880,2
4881,13
4882,10
4883,14
4884,12
4885,14
4886,2
4887,13
4888,7
4889,11
4890,11
4891,7
4892,1
4893,9
4894,5
4895,14
4896,6
4897,19
4898,14
4899,15
4900,2
4901,2
4902,1
4903,18
4904,2
4905,1
4906,7
4907,14
4908,3
4909,15
4910,14
4911,12
4912,16
4913,14
4914,15
4915,5
4916,18
4917,18
4918,3
4919,10
4920,19
4921,19
4922,17
4923,18
4924,10
4925,19
4926,17
4927,18
4928,7
4929,3
4930,16
4931,10
4932,4
4933,0
4934,10
4935,19
4936,19
4937,6
4938,7
4939,3
4940,8
4941,8
4942,17
4943,17
4944,10
4945,6
4946,16
4947,14
4948,9
4949,15
4950,4
4951,16
4952,12
4953,0
4954,9
4955,0
4956,19
4957,10
4958,3
4959,15
4960,15
4961,8
4962,5
4963,4
4964,15
4965,3
4966,5
4967,3
4968,14
4969,16
4970,4
4971,7
4972,8
4973,6
4974,15
4975,12
4976,7
4977,11
4978,11
4979,4
4980,4
4981,2
4982,9
4983,17
4984,19
4985,19
4986,17
4987,7
4988,8
4989,12
4990,17
4991,9
4992,7
4993,18
4994,6
4995,12
4996,12
4997,14
4998,18
4999,3
5000,12
5001,2
5002,9
5003,14
5004,10
5005,4
5006,4
5007,2
5008,5
5009,19
5010,9
5011,2
5012,15
5013,11
5014,11
5015,8
5016,3
5017,3
5018,7
5019,16
5020,5
5021,15
5022,16
5023,4
5024,18
5025,12
5026,18
5027,4
5028,13
5029,6
5030,15
5031,19
5032,2
5033,17
5034,3
5035,13
5036,12
5037,6
5038,13
5039,12
5040,7
5041,7
5042,7
5043,5
5044,1
5045,15
5046,18
5047,0
5048,18
5049,18
5050,0
5051,8
5052,2
5053,6
5054,4
5055,15
5056,17
5057,2
5058,1
5059,0
5060,10
5061,15
5062,4
5063,6
5064,2
5065,5
5066,14
5067,15
5068,8
5069,5
5070,2
5071,10
5072,2
5073,9
5074,14
5075,8
5076,4
5077,0
5078,14
5079,16
5080,19
5081,5
5082,1
5083,6
5084,2
5085,1
5086,7
5087,4
5088,17
5089,9
5090,5
5091,9
5092,1
5093,10
5094,19
5095,8
5096,3
5097,14
5098,16
5099,8
5100,17
5101,2
5102,4
5103,7
5104,18
5105,7
5106,16
5107,1
5108,18
5109,2
5110,1
5111,1
5112,19
5113,13
5114,6
5115,7
5116,3
5117,12
5118,12
5119,13
5120,19
5121,6
5122,19
5123,19
5124,12
5125,4
5126,16
5127,13
5128,5
5129,5
5130,0
5131,17
5132,17
5133,12
5134,4
5135,6
5136,9
5137,19
5138,0
5139,7
5140,0
5141,16
5142,4
5143,17
5144,13
5145,5
5146,12
5147,4
5148,1
5149,15
5150,9
5151,9
5152,5
5153,5
5154,4
5155,4
5156,2
5157,7
5158,7
5159,19
5160,6
5161,9
5162,16
5163,17
5164,1
5165,10
5166,17
5167,9
5168,10
5169,8
5170,7
5171,9
5172,15
5173,11
5174,3
5175,4
5176,18
5177,5
5178,8
5179,18
5180,4
5181,9
5182,18
5183,14
5184,14
5185,11
5186,5
5187,19
5188,1
5189,4
5190,17
5191,5
5192,0
5193,7
5194,7
5195,8
5196,10
5197,11
5198,6
5199,11
5200,11
5201,10
5202,9
5203,11
5204,16
5205,0
5206,10
5207,4
5208,5
5209,11
5210,6
5211,14
5212,2
5213,12
5214,2
5215,7
5216,12
5217,5
5218,15
5219,1
5220,10
5221,12
5222,10
5223,0
5224,11
5225,6
5226,0
5227,9
5228,16
5229,6
5230,13
5231,12
5232,15
5233,12
5234,3
5235,16
5236,19
5237,4
5238,13
5239,16
5240,8
5241,10
5242,6
5243,16
5244,15
5245,9
5246,6
5247,0
5248,7
5249,9
5250,16
5251,3
5252,11
5253,11
5254,5
5255,5
5256,2
5257,19
5258,8
5259,18
5260,16
5261,9
5262,9
5263,0
5264,13
5265,10
5266,2
5267,1
5268,1
5269,19
5270,9
5271,4
5272,2
5273,16
5274,17
5275,11
5276,8
5277,2
5278,13
5279,17
5280,3
5281,12
5282,12
5283,11
5284,6
5285,1
5286,8
5287,4
5288,12
5289,12
5290,19
5291,14
5292,9
5293,4
5294,2
5295,13
5296,8
5297,18
5298,18
5299,9
5300,7
5301,3
5302,1
5303,12
5304,3
5305,4
5306,18
5307,3
5308,3
5309,1
5310,6
5311,13
5312,9
5313,19
5314,7
5315,18
5316,14
5317,11
5318,1
5319,10
5320,17
5321,19
5322,13
5323,18
5324,11
5325,12
5326,11
5327,11
5328,12
5329,13
5330,7
5331,13
5332,18
5333,15
5334,15
5335,10
5336,3
5337,1
5338,1
5339,15
5340,12
5341,6
5342,14
5343,13
5344,13
5345,18
5346,3
5347,0
5348,11
5349,11
5350,4
5351,16
5352,1
5353,5
5354,4
5355,14
5356,3
5357,7
5358,7
5359,18
5360,6
5361,13
5362,10
5363,4
5364,19
5365,15
5366,16
5367,12
5368,5
5369,5
5370,16
5371,13
5372,12
5373,19
5374,9
5375,4
5376,11
5377,11
5378,16
5379,7
5380,13
5381,13
5382,6
5383,4
5384,11
5385,15
5386,13
5387,5
5388,11
5389,15
5390,9
5391,10
5392,1
5393,16
5394,17
5395,15
5396,8
5397,2
5398,14
5399,15
5400,7
5401,11
5402,6
5403,4
5404,16
5405,1
5406,13
5407,17
5408,13
5409,19
5410,7
5411,14
5412,17
5413,2
5414,8
5415,3
5416,19
5417,14
5418,1
5419,10
5420,6
5421,10
5422,3
5423,9
5424,8
5425,12
5426,2
5427,3
5428,8
5429,0
5430,0
5431,15
5432,19
5433,15
5434,19
5435,19
5436,10
5437,17
5438,16
5439,8
5440,7
5441,17
5442,0
5443,1
5444,6
5445,0
5446,2
5447,7
5448,18
5449,15
5450,13
5451,7
5452,12
5453,17
5454,7
5455,10
5456,19
5457,1
5458,4
5459,4
5460,3
5461,13
5462,4
5463,14
5464,12
5465,13
5466,7
5467,18
5468,6
5469,2
5470,7
5471,14
5472,9
5473,15
5474,8
5475,18
5476,0
5477,16
5478,4
5479,3
5480,19
5481,17
5482,3
5483,7
5484,2
5485,6
5486,8
5487,19
5488,2
5489,0
5490,10
5491,4
5492,17
5493,14
5494,16
5495,15
5496,1
5497,18
5498,13
5499,13
5500,9
5501,2
5502,19
5503,8
5504,5
5505,5
5506,2
5507,7
5508,14
5509,19
5510,15
5511,10
5512,6
5513,7
5514,10
5515,7
5516,13
5517,19
5518,12
5519,18
5520,13
5521,12
5522,12
5523,18
5524,10
5525,8
5526,18
5527,1
5528,11
5529,6
5530,11
5531,13
5532,3
5533,15
5534,17
5535,7
5536,13
5537,15
5538,15
5539,14
5540,13
5541,19
5542,16
5543,2
5544,17
5545,16
5546,4
5547,16
5548,13
5549,19
